bt,OrderInCEN,IdSanitized,IdNative,SubOrder,BtOrBg,Index,Level,Cardinality,BusinessTerm,Description,UsageNote,ReqId,SemanticDataType,AttributeFQNForBasicAttributes,AttributeFQNForCodes,AttributeFQN,BTBGClassName,IndentationLevel,L0Id,L1Id,L2Id,L3Id,L4Id,L0MaxId,L1MaxId,L2MaxId,L3MaxId,IndexOfParent,ParentClass,
BG-0000,0,BG-0,BG-0,,BG,0,,,Invoice,The invoice,The invoice,,,,,,BG0000Invoice,0,0,,,,,0,0,0,0,,,
BT-0001,1,BT-1,BT-1,,BT,1,0,1..1,Invoice number,A unique identification of the Invoice.,"The sequential number required in Article 226(2) of the directive 2006/112/EC [2], to uniquely identify the Invoice within the business context, time-frame, operating systems and records of the Seller. It may be based on one or more series of numbers, which may include alphanumeric characters. No identification scheme is to be used.",R56,Identifier,java.lang.String,,java.lang.String,BT0001InvoiceNumber,1,,,,,,0,0,0,0,0,BG0000Invoice,
BT-0002,2,BT-2,BT-2,,BT,2,0,1..1,Invoice issue date,The date when the Invoice was issued., ,R56,Date,org.joda.time.LocalDate,,org.joda.time.LocalDate,BT0002InvoiceIssueDate,1,,,,,,0,0,0,0,0,BG0000Invoice,
BT-0003,3,BT-3,BT-3,,BT,3,0,1..1,Invoice type code,A code specifying the functional type of the Invoice.,"Commercial invoices and credit notes are defined according the entries in UNTDID 1001 [6].
Other entries of UNTDID 1001 [6] with specific invoices or credit notes may be used if applicable.",R44,Code,,it.infocert.eigor.model.core.enums.Untdid1001InvoiceTypeCode,it.infocert.eigor.model.core.enums.Untdid1001InvoiceTypeCode,BT0003InvoiceTypeCode,1,,,,,,0,0,0,0,0,BG0000Invoice,
BT-0005,4,BT-5,BT-5,,BT,5,0,1..1,Invoice currency code,"The currency in which all Invoice amounts are given, except for the Total VAT amount in accounting currency.","Only one currency shall be used in the Invoice, except for the Total VAT amount in accounting currency (BT-111) in accordance with article 230 of Directive 2006/112/EC on VAT.
The lists of valid currencies are registered with the ISO 4217 Maintenance Agency ""Codes for the representation of currencies and funds"".","R54, R47",Code,,it.infocert.eigor.model.core.enums.Iso4217CurrenciesFundsCodes,it.infocert.eigor.model.core.enums.Iso4217CurrenciesFundsCodes,BT0005InvoiceCurrencyCode,1,,,,,,0,0,0,0,0,BG0000Invoice,
BT-0006,5,BT-6,BT-6,,BT,6,0,0..1,VAT accounting currency code,The currency used for VAT accounting and reporting purposes as accepted or required in the country of the Seller.,"Shall be used in combination with the Total VAT amount in accounting currency (BT-111) when the VAT accounting currency code differs from the Invoice currency code.
The lists of valid currencies are registered with the ISO 4217 Maintenance Agency ""Codes for the representation of currencies and funds"". Please refer to Article 230 of the Council Directive 2006/112/EC [2] for more information.",R54,Code,,it.infocert.eigor.model.core.enums.Iso4217CurrenciesFundsCodes,it.infocert.eigor.model.core.enums.Iso4217CurrenciesFundsCodes,BT0006VatAccountingCurrencyCode,1,,,,,,0,0,0,0,0,BG0000Invoice,
BT-0007,6,BT-7,BT-7,,BT,7,0,0..1,Value added tax point date,"The date when the VAT becomes accountable for the Seller and for the Buyer in so far as that date can be determined and differs from the date of issue of the invoice, according to the VAT directive.","The tax point is usually the date goods were supplied or services completed (the 'basic tax point'). There are some variations. Please refer to Article 226 (7) of the Council Directive 2006/112/EC [2] for more information.
This element is required if the Value added tax point date is different from the Invoice issue date.
Both Buyer and Seller should use the Tax Point Date when provided by the Seller.",R45,Date,org.joda.time.LocalDate,,org.joda.time.LocalDate,BT0007ValueAddedTaxPointDate,1,,,,,,0,0,0,0,0,BG0000Invoice,
BT-0008,7,BT-8,BT-8,,BT,8,0,0..1,Value added tax point date code,The code of the date when the VAT becomes accountable for the Seller and for the Buyer.,"The code shall distinguish between the following entries of UNTDID 2005 [6]:
- Invoice date
- Delivery date
- Payment date
The Value added tax point date code is used if the Value added tax point date is not known when the invoice is issued. The use of BT-8 and BT-7 is mutually exclusive.",R45,Code,,Untdid2005DateTimePeriodQualifiers,Untdid2005DateTimePeriodQualifiers,BT0008ValueAddedTaxPointDateCode,1,,,,,,0,0,0,0,0,BG0000Invoice,
BT-0009,8,BT-9,BT-9,,BT,9,0,0..1,Payment due date,The date when the payment is due.,The payment due date reflects the due date of the net payment. For partial payments it states the first net due date. The corresponding description of more complex payment terms can be stated in BT-20.,R60,Date,org.joda.time.LocalDate,,org.joda.time.LocalDate,BT0009PaymentDueDate,1,,,,,,0,0,0,0,0,BG0000Invoice,
BT-0010,9,BT-10,BT-10,,BT,10,0,0..1,Buyer reference,An identifier assigned by the Buyer used for internal routing purposes.,"The identifier is defined by the Buyer (e.g. contact ID, department, office id, project code), but provided by the Seller in the Invoice.",R8,Text,java.lang.String,,java.lang.String,BT0010BuyerReference,1,,,,,,0,0,0,0,0,BG0000Invoice,
BT-0011,10,BT-11,BT-11,,BT,11,0,0..1,Project reference,The identification of the project the invoice refers to,,R44,Document reference,java.lang.String,,java.lang.String,BT0011ProjectReference,1,,,,,,0,0,0,0,0,BG0000Invoice,
BT-0012,11,BT-12,BT-12,,BT,12,0,0..1,Contract reference,The identification of a contract.,The contract identifier should be unique in the context of the specific trading relationship and for a defined time period.,R7,Document reference,java.lang.String,,java.lang.String,BT0012ContractReference,1,,,,,,0,0,0,0,0,BG0000Invoice,
BT-0013,12,BT-13,BT-13,,BT,13,0,0..1,Purchase order reference,"An identifier of a referenced purchase order, issued by the Buyer.", ,"R5, R56",Document reference,java.lang.String,,java.lang.String,BT0013PurchaseOrderReference,1,,,,,,0,0,0,0,0,BG0000Invoice,
BT-0014,13,BT-14,BT-14,,BT,14,0,0..1,Sales order reference,"An identifier of a referenced sales order, issued by the Seller.", ,R41,Document reference,java.lang.String,,java.lang.String,BT0014SalesOrderReference,1,,,,,,0,0,0,0,0,BG0000Invoice,
BT-0015,14,BT-15,BT-15,,BT,15,0,0..1,Receiving advice reference,An identifier of a referenced receiving advice., ,"R10, R56",Document reference,java.lang.String,,java.lang.String,BT0015ReceivingAdviceReference,1,,,,,,0,0,0,0,0,BG0000Invoice,
BT-0016,15,BT-16,BT-16,,BT,16,0,0..1,Despatch advice reference,An identifier of a referenced despatch advice., ,"R9, R56",Document reference,java.lang.String,,java.lang.String,BT0016DespatchAdviceReference,1,,,,,,0,0,0,0,0,BG0000Invoice,
BT-0017,16,BT-17,BT-17,,BT,17,0,0..1,Tender or lot reference,The identification of the call for tender or lot the invoice relates to.,In some countries a reference to the call for tender that has led to the contract shall be provided.,"R7, R4",Document reference,java.lang.String,,java.lang.String,BT0017TenderOrLotReference,1,,,,,,0,0,0,0,0,BG0000Invoice,
BT-0018,17,BT-18,BT-18,,BT,18,0,0..1,Invoiced object identifier and scheme identifier,"An identifier for an object on which the invoice is based, given by the Seller and the identification scheme identifier of the Invoiced object identifier.","It may be a subscription number, telephone number, meter point, vehicle, person etc., as applicable. If it may be not clear for the receiver what scheme is used for the identifier, a conditional scheme identifier should be used that shall be chosen from the UNTDID 1153 code list [6] entries.",R33,Identifier,java.lang.String,,it.infocert.eigor.model.core.datatypes.Identifier,BT0018InvoicedObjectIdentifierAndSchemeIdentifier,1,,,,,,0,0,0,0,0,BG0000Invoice,
BT-0019,18,BT-19,BT-19,,BT,19,0,0..1,Buyer accounting reference,A textual value that specifies where to book the relevant data into the Buyer's financial accounts., ,"R2, R4",Text,java.lang.String,,java.lang.String,BT0019BuyerAccountingReference,1,,,,,,0,0,0,0,0,BG0000Invoice,
BT-0020,19,BT-20,BT-20,,BT,20,0,0..1,Payment terms,A textual description of the payment terms that apply to the amount due for payment (Including description of possible penalties)., This element may contain multiple lines and multiple terms.,R60,Text,java.lang.String,,java.lang.String,BT0020PaymentTerms,1,,,,,,0,0,0,0,0,BG0000Invoice,
BG-0001,20,BG-1,BG-1,,BG,1,0,0..n,INVOICE NOTE,"A group of business terms providing textual notes that are relevant for the invoice, together with an indication of the note subject.", ,R56, ,,,,BG0001InvoiceNote,1,,20,,,,0,20,0,0,0,BG0000Invoice,
BT-0021,21,BT-21,BT-21,,BT,21,++,0..1,Invoice note subject code,The subject of the following textual note.,To be chosen from the entries in UNTDID 4451 [6].,R56,Text,java.lang.String,,java.lang.String,BT0021InvoiceNoteSubjectCode,2,,,,,,0,20,0,0,20,BG0001InvoiceNote,
BT-0022,22,BT-22,BT-22,,BT,22,++,1..1,Invoice note,A textual note that gives unstructured information that is relevant to the Invoice as a whole.,Such as the reason for any correction or assignment note in case the invoice has been factored,R56,Text,java.lang.String,,java.lang.String,BT0022InvoiceNote,2,,,,,,0,20,0,0,20,BG0001InvoiceNote,
BG-0002,23,BG-2,BG-2,,BG,2,0,1..1,PROCESS CONTROL,A group of business terms providing information on the business process and rules applicable to the Invoice document., ,R44, ,,,,BG0002ProcessControl,1,,23,,,,0,23,0,0,0,BG0000Invoice,
BT-0023,24,BT-23,BT-23,,BT,23,++,0..1,Business process type,"Identifies the business process context in which the transaction appears, to enable the Buyer to process the Invoice in an appropriate way.","To be specified by the Buyer.
",R44,Text,java.lang.String,,java.lang.String,BT0023BusinessProcessType,2,,,,,,0,23,0,0,23,BG0002ProcessControl,
BT-0024,25,BT-24,BT-24,,BT,24,++,1..1,Specification identifier,"An identification of the specification containing the total set of rules regarding semantic content, cardinalities and business rules to which the data contained in the instance document conforms.","This identifies compliance or conformance to this document. Conformant invoices specify: urn:cen.eu:en16931:2017. Invoices, compliant to a user specification may identify that user specification here. 
No identification scheme is to be used.",R44,Identifier,java.lang.String,,java.lang.String,BT0024SpecificationIdentifier,2,,,,,,0,23,0,0,23,BG0002ProcessControl,
BG-0003,26,BG-3,BG-3,,BG,3,0,0..n,PRECEDING INVOICE REFERENCE,A group of business terms providing information on one or more preceding Invoices.,"To be used in case:
- a preceding invoice is corrected
- preceding partial invoices are referred to from a final invoice
-preceding pre-payment invoices are referred to from a final invoice",R11, ,,,,BG0003PrecedingInvoiceReference,1,,26,,,,0,26,0,0,0,BG0000Invoice,
BT-0025,27,BT-25,BT-25,,BT,25,++,1..1,Preceding Invoice reference,The identification of an Invoice that was previously sent by the Seller., ,R11,Document reference,java.lang.String,,java.lang.String,BT0025PrecedingInvoiceReference,2,,,,,,0,26,0,0,26,BG0003PrecedingInvoiceReference,
BT-0026,28,BT-26,BT-26,,BT,26,++,0..1,Preceding Invoice issue date,The date when the Preceding Invoice was issued.,The Preceding Invoice issue date shall be provided in case the Preceding Invoice identifier is not unique.,R11,Date,org.joda.time.LocalDate,,org.joda.time.LocalDate,BT0026PrecedingInvoiceIssueDate,2,,,,,,0,26,0,0,26,BG0003PrecedingInvoiceReference,
BG-0004,29,BG-4,BG-4,,BG,4,0,1..1,SELLER,A group of business terms providing information about the Seller., ,R48, ,,,,BG0004Seller,1,,29,,,,0,29,0,0,0,BG0000Invoice,! parent should be BG0000
BT-0027,30,BT-27,BT-27,,BT,27,++,1..1,Seller name,The full formal name by which the Seller is registered in the national registry of legal entities or as a Taxable person or otherwise trades as a person or persons., ,R48,Text,java.lang.String,,java.lang.String,BT0027SellerName,2,,,,,,0,29,0,0,29,BG0004Seller,
BT-0028,31,BT-28,BT-28,,BT,28,++,0..1,Seller trading name,"A name by which the Seller is known, other than Seller name (also known as Business name).",This may be used if different from the Seller name.,R48,Text,java.lang.String,,java.lang.String,BT0028SellerTradingName,2,,,,,,0,29,0,0,29,BG0004Seller,
BT-0029,32,BT-29,BT-29,a & b,BT,29,++,0..n,Seller identifier and Scheme identifier,An identification of the Seller. The identification scheme identifier of the Seller identifier.,"For many systems, the Seller identifier is a key piece of information. Multiple Seller identifiers may be assigned or specified. They may be differentiated by using various identification schemes. If no scheme is specified, it should be known by Buyer and Seller, e.g. a previously exchanged Buyer assigned identifier of the Seller. If used, the identification scheme identifier shall be chosen from the entries of the list published by the ISO 6523 maintenance agency.",R57,Identifier,it.infocert.eigor.model.core.datatypes.Identifier,,it.infocert.eigor.model.core.datatypes.Identifier,BT0029SellerIdentifierAndSchemeIdentifier,2,,,,,,0,29,0,0,29,BG0004Seller,
BT-0030,33,BT-30,BT-30,a & b,BT,30,++,0..1,Seller legal registration identifier and Scheme identifier,An identifier issued by an official registrar that identifies the Seller as a legal entity or person. The identification scheme identifier of the Seller legal registration identifier.,"If no identification scheme is specified, it should be known by Buyer and Seller. If used, the identification scheme shall be chosen from the entries of the list published by the ISO 6523 maintenance agency.",R52,Identifier,java.lang.String,,it.infocert.eigor.model.core.datatypes.Identifier,BT0030SellerLegalRegistrationIdentifierAndSchemeIdentifier,2,,,,,,0,29,0,0,29,BG0004Seller,
BT-0031,34,BT-31,BT-31,,BT,31,++,0..1,Seller VAT identifier,The Seller's VAT identifier (also known as Seller VAT identification number).,"VAT number prefixed by a country code. A VAT registered Supplier shall include his VAT ID, except when he uses a tax representative.",R52,Identifier,java.lang.String,,java.lang.String,BT0031SellerVatIdentifier,2,,,,,,0,29,0,0,29,BG0004Seller,
BT-0032,35,BT-32,BT-32,,BT,32,++,0..1,Seller tax registration identifier,The local identification (defined by the Seller’s address) of the Seller for tax purposes or a reference that enables the Seller to state his registered tax status.,"This information may affect how the Buyer settles the payment (such as for social security fees). E.g. in some countries, if the Seller is not registered as a tax paying entity then the Buyer is required to withhold the amount of the tax and pay it on behalf of the Seller.",R47,Identifier,java.lang.String,,java.lang.String,BT0032SellerTaxRegistrationIdentifier,2,,,,,,0,29,0,0,29,BG0004Seller,
BT-0033,36,BT-33,BT-33,,BT,33,++,0..1,Seller additional legal information,Additional legal information relevant for the Seller.,Such as share capital.,R47,Text,java.lang.String,,java.lang.String,BT0033SellerAdditionalLegalInformation,2,,,,,,0,29,0,0,29,BG0004Seller,
BT-0034,37,BT-34,BT-34,a & b,BT,34,++,0..1,Seller electronic address and Scheme identifier,Identifies the Seller's electronic address to which the application level response to the invoice may be delivered. The identification scheme identifier of the Seller electronic address.,The scheme identifier shall be chosen from a list to be maintained by the Connecting Europe Facility.,"R13, R57",Identifier,java.lang.String,,it.infocert.eigor.model.core.datatypes.Identifier,BT0034SellerElectronicAddressAndSchemeIdentifier,2,,,,,,0,29,0,0,29,BG0004Seller,
BG-0005,38,BG-5,BG-5,,BG,5,++,1..1,SELLER POSTAL ADDRESS,A group of business terms providing information about the address of the Seller., Sufficient components of the address are to be filled to comply with legal requirements.,R53, ,,,,BG0005SellerPostalAddress,2,,,38,,,0,29,38,0,29,BG0004Seller,
BT-0035,39,BT-35, BT-35,,BT,35,+++,0..1,Seller address line 1,The main address line in an address.,Usually the street name and number or post office box.,R53,Text,java.lang.String,,java.lang.String,BT0035SellerAddressLine1,3,,,,,,0,29,38,0,38,BG0005SellerPostalAddress,
BT-0036,40,BT-36, BT-36,,BT,36,+++,0..1,Seller address line 2,An additional address line in an address that can be used to give further details supplementing the main line., ,R53,Text,java.lang.String,,java.lang.String,BT0036SellerAddressLine2,3,,,,,,0,29,38,0,38,BG0005SellerPostalAddress,
BT-0162,41,BT-162,BT-162,,BT,162,+++,0..1,Seller address line 3,An additional address line in an address that can be used to give further details supplementing the main line., ,R53,Text,java.lang.String,,java.lang.String,BT0162SellerAddressLine3,3,,,,,,0,29,38,0,38,BG0005SellerPostalAddress,
BT-0037,42,BT-37, BT-37,,BT,37,+++,0..1,Seller city,"The common name of the city, town or village, where the Seller address is located.", ,R53,Text,java.lang.String,,java.lang.String,BT0037SellerCity,3,,,,,,0,29,38,0,38,BG0005SellerPostalAddress,
BT-0038,43,BT-38,BT-38,,BT,38,+++,0..1,Seller post code,The identifier for an addressable group of properties according to the relevant postal service.,Such as a ZIP code or a post code.,R53,Text,java.lang.String,,java.lang.String,BT0038SellerPostCode,3,,,,,,0,29,38,0,38,BG0005SellerPostalAddress,
BT-0039,44,BT-39,BT-39,,BT,39,+++,0..1,Seller country subdivision,The subdivision of a country.,"Such as a region, a county, a state, a province, etc.",R53,Text,java.lang.String,,java.lang.String,BT0039SellerCountrySubdivision,3,,,,,,0,29,38,0,38,BG0005SellerPostalAddress,
BT-0040,45,BT-40,BT-40,,BT,40,+++,1..1,Seller country code,A code that identifies the country.,"If no tax representative is specified, this is the country where VAT is liable. The lists of valid countries are registered with the ISO 3166-1 Maintenance agency, ""Codes for the representation of names of countries and their subdivisions"". ",R53,Code,,it.infocert.eigor.model.core.enums.Iso31661CountryCodes,it.infocert.eigor.model.core.enums.Iso31661CountryCodes,BT0040SellerCountryCode,3,,,,,,0,29,38,0,38,BG0005SellerPostalAddress,
BG-0006,46,BG-6,BG-6,,BG,6,++,0..1,SELLER CONTACT,A group of business terms providing contact information about the Seller.,,R57, ,,,,BG0006SellerContact,2,,,46,,,0,29,46,0,29,BG0004Seller,
BT-0041,47,BT-41,BT-41,,BT,41,+++,0..1,Seller contact point,A contact point for a legal entity or person.,"Such as person name, contact identification, department or office identification.",R57,Text,java.lang.String,,java.lang.String,BT0041SellerContactPoint,3,,,,,,0,29,46,0,46,BG0006SellerContact,
BT-0042,48,BT-42,BT-42,,BT,42,+++,0..1,Seller contact telephone number,A phone number for the contact point.,,R57,Text,java.lang.String,,java.lang.String,BT0042SellerContactTelephoneNumber,3,,,,,,0,29,46,0,46,BG0006SellerContact,
BT-0043,49,BT-43,BT-43,,BT,43,+++,0..1,Seller contact email address,An e-mail address for the contact point., ,R57,Text,java.lang.String,,java.lang.String,BT0043SellerContactEmailAddress,3,,,,,,0,29,46,0,46,BG0006SellerContact,
BG-0007,50,BG-7,BG-7,,BG,7,0,1..1,BUYER,A group of business terms providing information about the Buyer., ,R57, ,,,,BG0007Buyer,1,,50,,,,0,50,46,0,0,BG0000Invoice,
BT-0044,51,BT-44,BT-44,,BT,44,++,1..1,Buyer name,The full name of the Buyer., ,R57,Text,java.lang.String,,java.lang.String,BT0044BuyerName,2,,,,,,0,50,46,0,50,BG0007Buyer,
BT-0045,52,BT-45,BT-45,,BT,45,++,0..1,Buyer trading name,"A name by which the Buyer is known, other than Buyer name (also known as Business name).",This may be used if different from the Buyer name.,R57,Text,java.lang.String,,java.lang.String,BT0045BuyerTradingName,2,,,,,,0,50,46,0,50,BG0007Buyer,
BT-0046,53,BT-46,BT-46,a & b,BT,46,++,0..1,Buyer identifier and Scheme identifier,An identifier of the Buyer. The identification scheme identifier of the Buyer identifier.,"If no scheme is specified, it should be known by Buyer and Seller, e.g. a previously exchanged Seller assigned identifier of the Buyer. If used, the identification scheme shall be chosen from the entries of the list published by the ISO 6523 maintenance agency.",R57,Identifier,java.lang.String,,it.infocert.eigor.model.core.datatypes.Identifier,BT0046BuyerIdentifierAndSchemeIdentifier,2,,,,,,0,50,46,0,50,BG0007Buyer,
BT-0047,54,BT-47,BT-47,a & b,BT,47,++,0..1,Buyer legal registration identifier and Scheme identifier,An identifier issued by an official registrar that identifies the Buyer as a legal entity or person. The identification scheme identifier of the Buyer legal registration identifier.,"If no identification scheme is specified, it should be known by Buyer and Seller, e.g. the identifier that is exclusively used in the applicable legal environment. If used, the identification scheme shall be chosen from the entries of the list published by the ISO 6523 maintenance agency.","R47, R52, R57",Identifier,java.lang.String,,it.infocert.eigor.model.core.datatypes.Identifier,BT0047BuyerLegalRegistrationIdentifierAndSchemeIdentifier,2,,,,,,0,50,46,0,50,BG0007Buyer,
BT-0048,55,BT-48,BT-48,,BT,48,++,0..1,Buyer VAT identifier,The Buyer's VAT identifier (also known as Buyer VAT identification number).,VAT number prefixed by a country code based on ISO 3166-1. ,"R45, R52, R57",Identifier,java.lang.String,,it.infocert.eigor.model.core.datatypes.Identifier,BT0048BuyerVatIdentifier,2,,,,,,0,50,46,0,50,BG0007Buyer,
BT-0049,56,BT-49,BT-49,a & b,BT,49,++,0..1,Buyer electronic address and Scheme identifier,Identifies the Buyer's electronic address to which the invoice is delivered. The identification scheme identifier of the Buyer electronic address.,The scheme identifier shall be chosen from a list to be maintained by the Connecting Europe Facility.,"R13, R57",Identifier,it.infocert.eigor.model.core.datatypes.Identifier,,it.infocert.eigor.model.core.datatypes.Identifier,BT0049BuyerElectronicAddressAndSchemeIdentifier,2,,,,,,0,50,46,0,50,BG0007Buyer,
BG-0008,57,BG-8,BG-8,,BG,8,++,1..1,BUYER POSTAL ADDRESS,A group of business terms providing information about the postal address for the Buyer., Sufficient components of the address are to be filled to comply with legal requirements.,R53, ,,,,BG0008BuyerPostalAddress,2,,,57,,,0,50,57,0,50,BG0007Buyer,
BT-0050,58,BT-50,BT-50,,BT,50,+++,0..1,Buyer address line 1,The main address line in an address.,Usually the street name and number or post office box.,R53,Text,java.lang.String,,java.lang.String,BT0050BuyerAddressLine1,3,,,,,,0,50,57,0,57,BG0008BuyerPostalAddress,
BT-0051,59,BT-51,BT-51,,BT,51,+++,0..1,Buyer address line 2,An additional address line in an address that can be used to give further details supplementing the main line., ,R53,Text,java.lang.String,,java.lang.String,BT0051BuyerAddressLine2,3,,,,,,0,50,57,0,57,BG0008BuyerPostalAddress,
BT-0163,60,BT-163,BT-163,,BT,163,+++,0..1,Buyer address line 3,An additional address line in an address that can be used to give further details supplementing the main line., ,R53,Text,java.lang.String,,java.lang.String,BT0163BuyerAddressLine3,3,,,,,,0,50,57,0,57,BG0008BuyerPostalAddress,
BT-0052,61,BT-52,BT-52,,BT,52,+++,0..1,Buyer city,"The common name of the city, town or village, where the Buyer's address is located.", ,R53,Text,java.lang.String,,java.lang.String,BT0052BuyerCity,3,,,,,,0,50,57,0,57,BG0008BuyerPostalAddress,
BT-0053,62,BT-53,BT-53,,BT,53,+++,0..1,Buyer post code,The identifier for an addressable group of properties according to the relevant postal service.,Such as a ZIP code or a post code.,R53,Text,java.lang.String,,java.lang.String,BT0053BuyerPostCode,3,,,,,,0,50,57,0,57,BG0008BuyerPostalAddress,
BT-0054,63,BT-54,BT-54,,BT,54,+++,0..1,Buyer country subdivision,The subdivision of a country.,"Such as a region, a county, a state, a province, etc.",R53,Text,java.lang.String,,java.lang.String,BT0054BuyerCountrySubdivision,3,,,,,,0,50,57,0,57,BG0008BuyerPostalAddress,
BT-0055,64,BT-55,BT-55,,BT,55,+++,1..1,Buyer country code,A code that identifies the country.,"The lists of valid countries are registered with the ISO 3166‑1 Maintenance agency, ""Codes for the representation of names of countries and their subdivisions"". ",R53,Code,,it.infocert.eigor.model.core.enums.Iso31661CountryCodes,it.infocert.eigor.model.core.enums.Iso31661CountryCodes,BT0055BuyerCountryCode,3,,,,,,0,50,57,0,57,BG0008BuyerPostalAddress,
BG-0009,65,BG-9,BG-9,,BG,9,++,0..1,BUYER CONTACT,A group of business terms providing contact information relevant for the Buyer.,Contact details can be given by the Buyer at the time of the ordering or as master data exchanged prior to ordering. It is recommended not to use contact details for the purpose of routing the received Invoice internally by the recipient; the Buyer reference identifier should be used for this purpose.,R57, ,,,,BG0009BuyerContact,2,,,65,,,0,50,65,0,50,BG0007Buyer,
BT-0056,66,BT-56,BT-56,,BT,56,+++,0..1,Buyer contact point,A contact point for a legal entity or person.,"Such as person name, contact identification, department or office identification.",R57,Text,java.lang.String,,java.lang.String,BT0056BuyerContactPoint,3,,,,,,0,50,65,0,65,BG0009BuyerContact,
BT-0057,67,BT-57,BT-57,,BT,57,+++,0..1,Buyer contact telephone number,A phone number for the contact point., ,R57,Text,java.lang.String,,java.lang.String,BT0057BuyerContactTelephoneNumber,3,,,,,,0,50,65,0,65,BG0009BuyerContact,
BT-0058,68,BT-58,BT-58,,BT,58,+++,0..1,Buyer contact email address,An e-mail address for the contact point., ,R57,Text,java.lang.String,,java.lang.String,BT0058BuyerContactEmailAddress,3,,,,,,0,50,65,0,65,BG0009BuyerContact,
BG-0010,69,BG-10,BG-10,,BG,10,0,0..1,PAYEE,"A group of business terms providing information about the Payee, i.e. the role that receives the payment."," The role of Payee may be fulfilled by another party than the Seller, e.g. a factoring service.","R1, R57", ,,,,BG0010Payee,1,,69,,,,0,69,65,0,0,BG0000Invoice,
BT-0059,70,BT-59,BT-59,,BT,59,++,1..1,Payee name,The name of the Payee.,Shall be used when the Payee is different from the Seller. The Payee name may however be the same as the Seller name.,"R1, R57",Text,java.lang.String,,java.lang.String,BT0059PayeeName,2,,,,,,0,69,65,0,69,BG0010Payee,
BT-0060,71,BT-60,BT-60,a & b,BT,60,++,0..1,Payee identifier and Scheme identifier,An identifier for the Payee. The identification scheme identifier of the Payee identifier.,"If no scheme is specified, it should be known by Buyer and Seller, e.g. a previously exchanged Buyer or Seller assigned identifier. If used, the identification scheme shall be chosen from the entries of the list published by the ISO 6523 maintenance agency.","R1, R57",Identifier,java.lang.String,,it.infocert.eigor.model.core.datatypes.Identifier,BT0060PayeeIdentifierAndSchemeIdentifier,2,,,,,,0,69,65,0,69,BG0010Payee,
BT-0061,72,BT-61,BT-61,a & b,BT,61,++,0..1,Payee legal registration identifier and Scheme identifier,An identifier issued by an official registrar that identifies the Payee as a legal entity or person. The identification scheme identifier of the Payee legal registration identifier.,"If no scheme is specified, it should be known by Buyer and Seller, e.g. the identifier that is exclusively used in the applicable legal environment. If used, the identification scheme shall be chosen from the entries of the list published by the ISO 6523 maintenance agency.",R1,Identifier,java.lang.String,,it.infocert.eigor.model.core.datatypes.Identifier,BT0061PayeeLegalRegistrationIdentifierAndSchemeIdentifier,2,,,,,,0,69,65,0,69,BG0010Payee,
BG-0011,73,BG-11,BG-11,,BG,11,0,0..1,SELLER TAX REPRESENTATIVE PARTY,A group of business terms providing information about the Seller's tax representative., ,R57, ,,,,BG0011SellerTaxRepresentativeParty,1,,73,,,,0,73,65,0,0,BG0000Invoice,
BT-0062,74,BT-62,BT-62,,BT,62,++,1..1,Seller tax representative name,The full name of the Seller's tax representative party., ,R57,Text,java.lang.String,,java.lang.String,BT0062SellerTaxRepresentativeName,2,,,,,,0,73,65,0,73,BG0011SellerTaxRepresentativeParty,
BT-0063,75,BT-63,BT-63,,BT,63,++,1..1,Seller tax representative VAT identifier,The VAT identifier of the Seller's tax representative party.,VAT number prefixed by a country code based on ISO 3166-1. ,R52,Identifier,java.lang.String,,it.infocert.eigor.model.core.datatypes.Identifier,BT0063SellerTaxRepresentativeVatIdentifier,2,,,,,,0,73,65,0,73,BG0011SellerTaxRepresentativeParty,
BG-0012,76,BG-12,BG-12,,BG,12,++,1..1,SELLER TAX REPRESENTATIVE POSTAL ADDRESS,A group of business terms providing information about the postal address for the tax representative party.," The Seller tax representative name/postal address shall be provided in the invoice, if the Seller has a tax representative who is liable to pay the VAT due. Sufficient components of the address are to be filled to comply with legal requirements.",R53, ,,,,BG0012SellerTaxRepresentativePostalAddress,2,,,76,,,0,73,76,0,73,BG0011SellerTaxRepresentativeParty,
BT-0064,77,BT-64,BT-64,,BT,64,+++,0..1,Tax representative address line 1,The main address line in an address.,Usually the street name and number or the post office box.,R53,Text,java.lang.String,,java.lang.String,BT0064TaxRepresentativeAddressLine1,3,,,,,,0,73,76,0,76,BG0012SellerTaxRepresentativePostalAddress,
BT-0065,78,BT-65,BT-65,,BT,65,+++,0..1,Tax representative address line 2,An additional address line in an address that can be used to give further details supplementing the main line., ,R53,Text,java.lang.String,,java.lang.String,BT0065TaxRepresentativeAddressLine2,3,,,,,,0,73,76,0,76,BG0012SellerTaxRepresentativePostalAddress,
BT-0164,79,BT-164,BT-164,,BT,164,+++,0..1,Tax representative address line 3,An additional address line in an address that can be used to give further details supplementing the main line., ,R53,Text,java.lang.String,,java.lang.String,BT0164TaxRepresentativeAddressLine3,3,,,,,,0,73,76,0,76,BG0012SellerTaxRepresentativePostalAddress,
BT-0066,80,BT-66,BT-66,,BT,66,+++,0..1,Tax representative city,"The common name of the city, town or village, where the tax representative address is located.", ,R53,Text,java.lang.String,,java.lang.String,BT0066TaxRepresentativeCity,3,,,,,,0,73,76,0,76,BG0012SellerTaxRepresentativePostalAddress,
BT-0067,81,BT-67,BT-67,,BT,67,+++,0..1,Tax representative post code,The identifier for an addressable group of properties according to the relevant postal service.,Such as a ZIP code or a post code.,R53,Text,java.lang.String,,java.lang.String,BT0067TaxRepresentativePostCode,3,,,,,,0,73,76,0,76,BG0012SellerTaxRepresentativePostalAddress,
BT-0068,82,BT-68,BT-68,,BT,68,+++,0..1,Tax representative country subdivision,The subdivision of a country.,"Such as a region, a county, a state, a province, etc.",R53,Text,java.lang.String,,java.lang.String,BT0068TaxRepresentativeCountrySubdivision,3,,,,,,0,73,76,0,76,BG0012SellerTaxRepresentativePostalAddress,
BT-0069,83,BT-69,BT-69,,BT,69,+++,1..1,Tax representative country code,A code that identifies the country.,"Country where VAT is liable. The lists of valid countries are registered with the ISO 3166‑1 Maintenance agency, ""Codes for the representation of names of countries and their subdivisions"". ",R53,Code,,it.infocert.eigor.model.core.enums.Iso31661CountryCodes,it.infocert.eigor.model.core.enums.Iso31661CountryCodes,BT0069TaxRepresentativeCountryCode,3,,,,,,0,73,76,0,76,BG0012SellerTaxRepresentativePostalAddress,
BG-0013,84,BG-13,BG-13,,BG,13,0,0..1,DELIVERY INFORMATION,A group of business terms providing information about where and when the goods and services invoiced are delivered., ,"R31, R32, R57", ,,,,BG0013DeliveryInformation,1,,84,,,,0,84,76,0,0,BG0000Invoice,
BT-0070,85,BT-70,BT-70,,BT,70,++,0..1,Deliver to party name,The name of the party to which the goods and services are delivered.,Shall be used if the Deliver to party is different from the Buyer.,R57,Text,java.lang.String,,java.lang.String,BT0070DeliverToPartyName,2,,,,,,0,84,76,0,84,BG0013DeliveryInformation,
BT-0071,86,BT-71,BT-71,a & b,BT,71,++,0..1,Deliver to location identifier and Scheme identifier,An identifier for the location at which the goods and services are delivered. The identification scheme identifier of the Deliver to location identifier.,"If no scheme is specified, it should be known by Buyer and Seller, e.g. a previously exchanged Buyer or Seller assigned identifier. If used, the identification scheme shall be chosen from the entries of the list published by the ISO 6523 maintenance agency.",R32,Identifier,java.lang.String,,it.infocert.eigor.model.core.datatypes.Identifier,BT0071DeliverToLocationIdentifierAndSchemeIdentifier,2,,,,,,0,84,76,0,84,BG0013DeliveryInformation,
BT-0072,87,BT-72,BT-72,,BT,72,++,0..1,Actual delivery date,the date on which the supply of goods or services was made or completed., ,R31,Date,org.joda.time.LocalDate,,org.joda.time.LocalDate,BT0072ActualDeliveryDate,2,,,,,,0,84,76,0,84,BG0013DeliveryInformation,
BG-0014,88,BG-14,BG-14,,BG,14,++,0..1,INVOICING PERIOD,A group of business terms providing information on the invoice period.,Used to indicate when the period covered by the invoice starts and when it ends. Also called delivery period.,R34, ,,,,BG0014InvoicingPeriod,2,,,88,,,0,84,88,0,84,BG0013DeliveryInformation,
BT-0073,89,BT-73,BT-73,,BT,73,+++,0..1,Invoicing period start date,The date when the Invoice period starts.,The initial date of delivery of goods or services.,R34,Date,org.joda.time.LocalDate,,org.joda.time.LocalDate,BT0073InvoicingPeriodStartDate,3,,,,,,0,84,88,0,88,BG0014InvoicingPeriod,
BT-0074,90,BT-74,BT-74,,BT,74,+++,0..1,Invoicing period end date,The date when the Invoice period ends.,The date on which the delivery of goods or services was completed.,R34,Date,org.joda.time.LocalDate,,org.joda.time.LocalDate,BT0074InvoicingPeriodEndDate,3,,,,,,0,84,88,0,88,BG0014InvoicingPeriod,
BG-0015,91,BG-15,BG-15,,BG,15,++,0..1,DELIVER TO ADDRESS,A group of business terms providing information about the address to which goods and services invoiced were or are delivered.," In the case of pick-up, the deliver to address is the pick-up address. Sufficient components of the address are to be filled to comply with legal requirements.",R32, ,,,,BG0015DeliverToAddress,2,,,91,,,0,84,91,0,84,BG0013DeliveryInformation,
BT-0075,92,BT-75,BT-75,,BT,75,+++,0..1,Deliver to address line 1,The main address line in an address.,Usually the street name and number.,R32,Text,java.lang.String,,java.lang.String,BT0075DeliverToAddressLine1,3,,,,,,0,84,91,0,91,BG0015DeliverToAddress,
BT-0076,93,BT-76,BT-76,,BT,76,+++,0..1,Deliver to address line 2,An additional address line in an address that can be used to give further details supplementing the main line., ,R32,Text,java.lang.String,,java.lang.String,BT0076DeliverToAddressLine2,3,,,,,,0,84,91,0,91,BG0015DeliverToAddress,
BT-0165,94,BT-165,BT-165,,BT,165,+++,0..1,Deliver to address line 3,An additional address line in an address that can be used to give further details supplementing the main line., ,R32,Text,java.lang.String,,java.lang.String,BT0165DeliverToAddressLine3,3,,,,,,0,84,91,0,91,BG0015DeliverToAddress,
BT-0077,95,BT-77,BT-77,,BT,77,+++,0..1,Deliver to city,"The common name of the city, town or village, where the deliver to address is located.", ,R32,Text,java.lang.String,,java.lang.String,BT0077DeliverToCity,3,,,,,,0,84,91,0,91,BG0015DeliverToAddress,
BT-0078,96,BT-78,BT-78,,BT,78,+++,0..1,Deliver to post code,The identifier for an addressable group of properties according to the relevant postal service.,Such as a ZIP code or a post code.,R32,Text,java.lang.String,,java.lang.String,BT0078DeliverToPostCode,3,,,,,,0,84,91,0,91,BG0015DeliverToAddress,
BT-0079,97,BT-79,BT-79,,BT,79,+++,0..1,Deliver to country subdivision,The subdivision of a country.,"Such as a region, a county, a state, a province, etc.",R32,Text,java.lang.String,,java.lang.String,BT0079DeliverToCountrySubdivision,3,,,,,,0,84,91,0,91,BG0015DeliverToAddress,
BT-0080,98,BT-80,BT-80,,BT,80,+++,1..1,Deliver to country code,A code that identifies the country.,"The lists of valid countries are registered with the ISO 3166‑1 Maintenance agency, ""Codes for the representation of names of countries and their subdivisions"". ",R32,Code,,it.infocert.eigor.model.core.enums.Iso31661CountryCodes,it.infocert.eigor.model.core.enums.Iso31661CountryCodes,BT0080DeliverToCountryCode,3,,,,,,0,84,91,0,91,BG0015DeliverToAddress,
BG-0016,99,BG-16,BG-16,,BG,16,0,0..1,PAYMENT INSTRUCTIONS,A group of business terms providing information about the payment., ,R58, ,,,,BG0016PaymentInstructions,1,,99,,,,0,99,91,0,0,BG0000Invoice,
BT-0081,100,BT-81,BT-81,,BT,81,++,1..1,Payment means type code,"The means, expressed as code, for how a payment is expected to be or has been settled.","The following entries from the UNTDID 4461 code list [6] may be used:
- Standing instructions
- SEPA Credit transfer
- SEPA Direct Debit
- Local Credit transfer
- Non-SEPA international credit transfer
- Local Direct Debit
- Check
- Cash
- Account transfer over the books of the same payment service provider
- No payment (add to balance)
- Payment card",R58,Code,,it.infocert.eigor.model.core.enums.Untdid4461PaymentMeansCode,it.infocert.eigor.model.core.enums.Untdid4461PaymentMeansCode,BT0081PaymentMeansTypeCode,2,,,,,,0,99,91,0,99,BG0016PaymentInstructions,
BT-0082,101,BT-82,BT-82,,BT,82,++,0..1,Payment means text,"The means, expressed as text, for how a payment is expected to be or has been settled.","Such as cash, credit transfer, direct debit, credit card, etc.",R58,Text,java.lang.String,,java.lang.String,BT0082PaymentMeansText,2,,,,,,0,99,91,0,99,BG0016PaymentInstructions,
BT-0083,102,BT-83,BT-83,,BT,83,++,0..1,Remittance information,"A textual value used to establish a link between the payment and the Invoice, issued by the Seller.","The reference helps the Seller to assign an incoming payment to the relevant payment process. When specifying the textual value, which is commonly the invoice number of the invoice being paid, but may be another seller reference, the buyer should indicate this reference in his payment order when executing the payment. In a payment transaction this reference is transferred back to the Seller as Remittance Information.
In order to allow for automatic processing of cross-border SEPA payments, only Latin characters should be used in this field. Reference section 1.4 of the SEPA credit transfer and SEPA direct debit scheme implementation guides [13] and [14] for details of the allowed characters. Other rules may apply for SEPA payments within national borders.
If remittance information is structured according to the ISO 11649:2009 standard [16] for Structured RF Creditor Reference, it shall be mapped to the Structured Remittance Information Creditor Reference field in SEPA payments messages.
If remittance information is structured according to the EACT standard for automated reconciliation [17], it shall be mapped to the Unstructured Remittance Information field in SEPA payments messages.""
If remittance information is to be mapped to the End To End Identification field or to the Structured Remittance Information Creditor Reference field in SEPA payments messages, then in addition to the Latin character set restriction, the content shall not start or end with a '/' and the content shall not contain '//'s. See reference [15]. ","R56, R62",Text,java.lang.String,,java.lang.String,BT0083RemittanceInformation,2,,,,,,0,99,91,0,99,BG0016PaymentInstructions,
BG-0017,103,BG-17,BG-17,,BG,17,++,0..n,CREDIT TRANSFER,A group of business terms to specify credit transfer payments., ,R58, ,,,,BG0017CreditTransfer,2,,,103,,,0,99,103,0,99,BG0016PaymentInstructions,
BT-0084,104,BT-84,BT-84,,BT,84,+++,1..1,Payment account identifier,"A unique identifier of the financial payment account, at a payment service provider, to which payment should be made.",Such as IBAN (in case of a SEPA payment) or a national account number. ,"R61, R65",Identifier,java.lang.String,,java.lang.String,BT0084PaymentAccountIdentifier,3,,,,,,0,99,103,0,103,BG0017CreditTransfer,
BT-0085,105,BT-85,BT-85,,BT,85,+++,0..1,Payment account name,"The name of the payment account, at a payment service provider, to which payment should be made.",,"R61, R65",Text,java.lang.String,,java.lang.String,BT0085PaymentAccountName,3,,,,,,0,99,103,0,103,BG0017CreditTransfer,
BT-0086,106,BT-86,BT-86,,BT,86,+++,0..1,Payment service provider identifier,An identifier for the payment service provider where a payment account is located.,Such as a BIC or a national clearing code where required. No identification scheme to be used.,"R61, R65",Identifier,java.lang.String,,java.lang.String,BT0086PaymentServiceProviderIdentifier,3,,,,,,0,99,103,0,103,BG0017CreditTransfer,
BG-0018,107,BG-18,BG-18,,BG,18,++,0..1,PAYMENT CARD INFORMATION,A group of business terms providing information about card used for payment contemporaneous with invoice issuance. ,Only used if the Buyer had opted to pay by using a payment card such as a credit or debit card.,R64, ,,,,BG0018PaymentCardInformation,2,,,107,,,0,99,107,0,99,BG0016PaymentInstructions,
BT-0087,108,BT-87,BT-87,,BT,87,+++,1..1,Payment card primary account number,The Primary Account Number (PAN) of the card used for payment.,In accordance with card payments security standards an invoice should never include a full card primary account number. At the moment PCI Security Standards Council has defined following: The first 6 digits and last 4 digits are the maximum number of digits to be shown.,R64,Text,java.lang.String,,java.lang.String,BT0087PaymentCardPrimaryAccountNumber,3,,,,,,0,99,107,0,107,BG0018PaymentCardInformation,
BT-0088,109,BT-88,BT-88,,BT,88,+++,0..1,Payment card holder name,The name of the payment card holder.,,R64,Text,java.lang.String,,java.lang.String,BT0088PaymentCardHolderName,3,,,,,,0,99,107,0,107,BG0018PaymentCardInformation,
BG-0019,110,BG-19,BG-19,,BG,19,++,0..1,DIRECT DEBIT,A group of business terms to specify a direct debit.,"This group may be used to give prior notice in the invoice that payment will be made through a SEPA or other direct debit initiated by the Seller, in accordance with the rules of the SEPA or other direct debit scheme.",R69, ,,,,BG0019DirectDebit,2,,,110,,,0,99,110,0,99,BG0016PaymentInstructions,
BT-0089,111,BT-89,BT-89,,BT,89,+++,0..1,Mandate reference identifier,Unique identifier assigned by the Payee for referencing the direct debit mandate.,Used in order to pre-notify the Buyer of a SEPA direct debit. ,R69,Identifier,java.lang.String,,java.lang.String,BT0089MandateReferenceIdentifier,3,,,,,,0,99,110,0,110,BG0019DirectDebit,
BT-0090,112,BT-90,BT-90,,BT,90,+++,0..1,Bank assigned creditor identifier,Unique banking reference identifier of the Payee or Seller assigned by the Payee or Seller bank.,Used in order to pre-notify the Buyer of a SEPA direct debit. ,R69,Identifier,it.infocert.eigor.model.core.datatypes.Identifier,,it.infocert.eigor.model.core.datatypes.Identifier,BT0090BankAssignedCreditorIdentifier,3,,,,,,0,99,110,0,110,BG0019DirectDebit,
BT-0091,113,BT-91,BT-91,,BT,91,+++,0..1,Debited account identifier,The account to be debited by the direct debit.,,R69,Identifier,java.lang.String,,java.lang.String,BT0091DebitedAccountIdentifier,3,,,,,,0,99,110,0,110,BG0019DirectDebit,
BG-0020,114,BG-20,BG-20,,BG,20,0,0..n,DOCUMENT LEVEL ALLOWANCES,A group of business terms providing information about allowances applicable to the Invoice as a whole.,"Deductions, such as withheld tax may also be specified in this group.",R15, ,,,,BG0020DocumentLevelAllowances,1,,114,,,,0,114,110,0,0,BG0000Invoice,
BT-0092,115,BT-92,BT-92,,BT,92,++,1..1,Document level allowance amount,"The amount of an allowance, without VAT.", ,"R15, R19",Amount,java.lang.Double,,java.lang.Double,BT0092DocumentLevelAllowanceAmount,2,,,,,,0,114,110,0,114,BG0020DocumentLevelAllowances,
BT-0093,116,BT-93,BT-93,,BT,93,++,0..1,Document level allowance base amount,"The base amount that may be used, in conjunction with the document level allowance percentage, to calculate the document level allowance amount.", ,"R15, R42",Amount,java.lang.Double,,java.lang.Double,BT0093DocumentLevelAllowanceBaseAmount,2,,,,,,0,114,110,0,114,BG0020DocumentLevelAllowances,
BT-0094,117,BT-94,BT-94,,BT,94,++,0..1,Document level allowance percentage,"The percentage that may be used, in conjunction with the document level allowance base amount, to calculate the document level allowance amount.", ,"R15, R42",Percentage,java.lang.Double,,java.lang.Double,BT0094DocumentLevelAllowancePercentage,2,,,,,,0,114,110,0,114,BG0020DocumentLevelAllowances,
BT-0095,118,BT-95,BT-95,,BT,95,++,1..1,Document level allowance VAT category code,A coded identification of what VAT category applies to the document level allowance.,"The following entries of UNTDID 5305 [6] are used:
- Liable for VAT in a standard way
- Liable for VAT with a percentage rate of 0 (zero).
- Exempt from VAT/IGIC/IPSI.
- Reverse charge VAT/IGIC/IPSI rules apply.
- VAT/IGIC/IPSI not levied due to Intra-community supply rules.
- VAT/IGIC/IPSI not levied due to export outside of the EU.
- Sale is not subject to VAT/IGIC/IPSI.
- Liable for IGIC (Canary) tax
- Liable for IPSI (Ceuta/Melilla) tax","R15, R16, R45, R48",Code,,it.infocert.eigor.model.core.enums.Untdid5305DutyTaxFeeCategories,it.infocert.eigor.model.core.enums.Untdid5305DutyTaxFeeCategories,BT0095DocumentLevelAllowanceVatCategoryCode,2,,,,,,0,114,110,0,114,BG0020DocumentLevelAllowances,
BT-0096,119,BT-96,BT-96,,BT,96,++,0..1,Document level allowance VAT rate,"The VAT rate, represented as percentage that applies to the document level allowance.", ,"R15, R16, R45, R48",Percentage,java.lang.Double,,java.lang.Double,BT0096DocumentLevelAllowanceVatRate,2,,,,,,0,114,110,0,114,BG0020DocumentLevelAllowances,
BT-0097,120,BT-97,BT-97,,BT,97,++,0..1,Document level allowance reason,"The reason for the document level allowance, expressed as text.", ,R15,Text,java.lang.String,,java.lang.String,BT0097DocumentLevelAllowanceReason,2,,,,,,0,114,110,0,114,BG0020DocumentLevelAllowances,
BT-0098,121,BT-98,BT-98,,BT,98,++,0..1,Document level allowance reason code,"The reason for the document level allowance, expressed as a code.",Use entries of the UNTDID 5189 code list [6]. The Document level allowance reason code and the Document level allowance reason shall indicate the same allowance reason.,R15,Code,,it.infocert.eigor.model.core.enums.Untdid5189ChargeAllowanceDescriptionCodes,it.infocert.eigor.model.core.enums.Untdid5189ChargeAllowanceDescriptionCodes,BT0098DocumentLevelAllowanceReasonCode,2,,,,,,0,114,110,0,114,BG0020DocumentLevelAllowances,
BG-0021,122,BG-21,BG-21,,BG,21,0,0..n,DOCUMENT LEVEL CHARGES,"A group of business terms providing information about charges and taxes other than VAT, applicable to the Invoice as a whole.", ,R15, ,,,,BG0021DocumentLevelCharges,1,,122,,,,0,122,110,0,0,BG0000Invoice,
BT-0099,123,BT-99,BT-99,,BT,99,++,1..1,Document level charge amount,"The amount of a charge, without VAT.", ,"R15, R16, R19",Amount,java.lang.Double,,java.lang.Double,BT0099DocumentLevelChargeAmount,2,,,,,,0,122,110,0,122,BG0021DocumentLevelCharges,
BT-0100,124,BT-100,BT-100,,BT,100,++,0..1,Document level charge base amount,"The base amount that may be used, in conjunction with the document level charge percentage, to calculate the document level charge amount.", ,"R15, R16, R19",Amount,java.lang.Double,,java.lang.Double,BT0100DocumentLevelChargeBaseAmount,2,,,,,,0,122,110,0,122,BG0021DocumentLevelCharges,
BT-0101,125,BT-101,BT-101,,BT,101,++,0..1,Document level charge percentage,"The percentage that may be used, in conjunction with the document level charge base amount, to calculate the document level charge amount.", ,"R15, R16, R19",Percentage,java.lang.Double,,java.lang.Double,BT0101DocumentLevelChargePercentage,2,,,,,,0,122,110,0,122,BG0021DocumentLevelCharges,
BT-0102,126,BT-102,BT-102,,BT,102,++,1..1,Document level charge VAT category code,A coded identification of what VAT category applies to the document level charge.,"The following entries of UNTDID 5305 [6] are used:
- Liable for VAT in a standard way
- Liable for VAT with a percentage rate of 0 (zero).
- Exempt from VAT/IGIC/IPSI.
- Reverse charge VAT/IGIC/IPSI rules apply.
- VAT/IGIC/IPSI not levied due to Intra-community supply rules.
- VAT/IGIC/IPSI not levied due to export outside of the EU.
- Sale is not subject to VAT/IGIC/IPSI.
- Liable for IGIC (Canary) tax
- Liable for IPSI (Ceuta/Melilla) tax","R15, R45, R48",Code,,it.infocert.eigor.model.core.enums.Untdid5305DutyTaxFeeCategories,it.infocert.eigor.model.core.enums.Untdid5305DutyTaxFeeCategories,BT0102DocumentLevelChargeVatCategoryCode,2,,,,,,0,122,110,0,122,BG0021DocumentLevelCharges,
BT-0103,127,BT-103,BT-103,,BT,103,++,0..1,Document level charge VAT rate,"The VAT rate, represented as percentage that applies to the document level charge.", ,"R15, R45, R48",Percentage,java.lang.Double,,java.lang.Double,BT0103DocumentLevelChargeVatRate,2,,,,,,0,122,110,0,122,BG0021DocumentLevelCharges,
BT-0104,128,BT-104,BT-104,,BT,104,++,0..1,Document level charge reason,"The reason for the document level charge, expressed as text.", ,"R15, R16",Text,java.lang.String,,java.lang.String,BT0104DocumentLevelChargeReason,2,,,,,,0,122,110,0,122,BG0021DocumentLevelCharges,
BT-0105,129,BT-105,BT-105,,BT,105,++,0..1,Document level charge reason code,"The reason for the document level charge, expressed as a code.",Use entries of the UNTDID 7161 code list [6]. The Document level charge reason code and the Document level charge reason shall indicate the same charge reason.,"R15, R16",Code,,it.infocert.eigor.model.core.enums.Untdid7161SpecialServicesCodes,it.infocert.eigor.model.core.enums.Untdid7161SpecialServicesCodes,BT0105DocumentLevelChargeReasonCode,2,,,,,,0,122,110,0,122,BG0021DocumentLevelCharges,
BG-0022,130,BG-22,BG-22,,BG,22,0,1..1,DOCUMENT TOTALS,A group of business terms providing the monetary totals for the Invoice., ,R40, ,,,,BG0022DocumentTotals,1,,130,,,,0,130,110,0,0,BG0000Invoice,
BT-0106,131,BT-106,BT-106,,BT,106,++,1..1,Sum of Invoice line net amount,Sum of all Invoice line net amounts in the Invoice., ,R40,Amount,java.lang.Double,,java.lang.Double,BT0106SumOfInvoiceLineNetAmount,2,,,,,,0,130,110,0,130,BG0022DocumentTotals,
BT-0107,132,BT-107,BT-107,,BT,107,++,0..1,Sum of allowances on document level,Sum of all allowances on document level in the Invoice.,Allowances on line level are included in the Invoice line net amount which is summed up into the Sum of Invoice line net amount.,"R19, R40",Amount,java.lang.Double,,java.lang.Double,BT0107SumOfAllowancesOnDocumentLevel,2,,,,,,0,130,110,0,130,BG0022DocumentTotals,
BT-0108,133,BT-108,BT-108,,BT,108,++,0..1,Sum of charges on document level,Sum of all charges on document level in the Invoice.,Charges on line level are included in the Invoice line net amount which is summed up into the Sum of Invoice line net amount.,"R19, R40",Amount,java.lang.Double,,java.lang.Double,BT0108SumOfChargesOnDocumentLevel,2,,,,,,0,130,110,0,130,BG0022DocumentTotals,
BT-0109,134,BT-109,BT-109,,BT,109,++,1..1,Invoice total amount without VAT,The total amount of the Invoice without VAT.,The Invoice total amount without VAT is the Sum of Invoice line net amount minus Sum of allowances on document level plus Sum of charges on document level.,R40,Amount,java.lang.Double,,java.lang.Double,BT0109InvoiceTotalAmountWithoutVat,2,,,,,,0,130,110,0,130,BG0022DocumentTotals,
BT-0110,135,BT-110,BT-110,,BT,110,++,0..1,Invoice total VAT amount,The total VAT amount for the Invoice.,The Invoice total VAT amount is the sum of all VAT category tax amounts.,"R40, R49",Amount,java.lang.Double,,java.lang.Double,BT0110InvoiceTotalVatAmount,2,,,,,,0,130,110,0,130,BG0022DocumentTotals,
BT-0111,136,BT-111,BT-111,,BT,111,++,0..1,Invoice total VAT amount in accounting currency,The VAT total amount expressed in the accounting currency accepted or required in the country of the Seller.,"To be used when the VAT accounting currency (BT-6) differs from the Invoice currency code (BT-5) in accordance with article 230 of Directive 2006/112 / EC on VAT.
The VAT amount in accounting currency is not used in the calculation of the Invoice totals.",R54,Amount,java.lang.Double,,java.lang.Double,BT0111InvoiceTotalVatAmountInAccountingCurrency,2,,,,,,0,130,110,0,130,BG0022DocumentTotals,
BT-0112,137,BT-112,BT-112,,BT,112,++,1..1,Invoice total amount with VAT,The total amount of the Invoice with VAT.,The Invoice total amount with VAT is the Invoice total amount without VAT plus the Invoice total VAT amount. ,"R40, R67",Amount,java.lang.Double,,java.lang.Double,BT0112InvoiceTotalAmountWithVat,2,,,,,,0,130,110,0,130,BG0022DocumentTotals,
BT-0113,138,BT-113,BT-113,,BT,113,++,0..1,Paid amount,The sum of amounts which have been paid in advance.,This amount is subtracted from the invoice total amount with VAT to calculate the amount due for payment.,"R40, R66",Amount,java.lang.Double,,java.lang.Double,BT0113PaidAmount,2,,,,,,0,130,110,0,130,BG0022DocumentTotals,
BT-0114,139,BT-114,BT-114,,BT,114,++,0..1,Rounding amount,The amount to be added to the invoice total to round the amount to be paid.,,R40,Amount,java.lang.Double,,java.lang.Double,BT0114RoundingAmount,2,,,,,,0,130,110,0,130,BG0022DocumentTotals,
BT-0115,140,BT-115,BT-115,,BT,115,++,1..1,Amount due for payment,The outstanding amount that is requested to be paid.,This amount is the Invoice total amount with VAT minus the paid amount that has been paid in advance. The amount is zero in case of a fully paid Invoice. The amount may be negative; in that case the Seller owes the amount to the Buyer.,"R40, R59, R68",Amount,java.lang.Double,,java.lang.Double,BT0115AmountDueForPayment,2,,,,,,0,130,110,0,130,BG0022DocumentTotals,
BG-0023,141,BG-23,BG-23,,BG,23,0,1..n,VAT BREAKDOWN,"A group of business terms providing information about VAT breakdown by different categories, rates and exemption reasons", ,"R38, R45, R47, R48, R49", ,,,,BG0023VatBreakdown,1,,141,,,,0,141,110,0,0,BG0000Invoice,
BT-0116,142,BT-116,BT-116,,BT,116,++,1..1,VAT category taxable amount,Sum of all taxable amounts subject to a specific VAT category code and VAT category rate (if the VAT category rate is applicable).,The sum of Invoice line net amount minus allowances plus charges on document level which are subject to a specific VAT category code and VAT category rate (if the VAT category rate is applicable).,R50,Amount,java.lang.Double,,java.lang.Double,BT0116VatCategoryTaxableAmount,2,,,,,,0,141,110,0,141,BG0023VatBreakdown,
BT-0117,143,BT-117,BT-117,,BT,117,++,1..1,VAT category tax amount,The total VAT amount for a given VAT category.,Calculated by multiplying the VAT category taxable amount with the VAT category rate for the relevant VAT category.,R49,Amount,java.lang.Double,,java.lang.Double,BT0117VatCategoryTaxAmount,2,,,,,,0,141,110,0,141,BG0023VatBreakdown,
BT-0118,144,BT-118,BT-118,,BT,118,++,1..1,VAT category code,Coded identification of a VAT category.,"The following entries of UNTDID 5305 [6] are used:
- Liable for VAT in a standard way
- Liable for VAT with a percentage rate of 0 (zero).
- Exempt from VAT/IGIC/IPSI.
- Reverse charge VAT/IGIC/IPSI rules apply.
- VAT/IGIC/IPSI not levied due to Intra-community supply rules.
- VAT/IGIC/IPSI not levied due to export outside of the EU.
- Sale is not subject to VAT/IGIC/IPSI.
- Liable for IGIC (Canary) tax
- Liable for IPSI (Ceuta/Melilla) tax","R38, R45, R49",Code,,it.infocert.eigor.model.core.enums.Untdid5305DutyTaxFeeCategories,it.infocert.eigor.model.core.enums.Untdid5305DutyTaxFeeCategories,BT0118VatCategoryCode,2,,,,,,0,141,110,0,141,BG0023VatBreakdown,
BT-0119,145,BT-119,BT-119,,BT,119,++,0..1,VAT category rate,"The VAT rate, represented as percentage that applies for the relevant VAT category.",The VAT category code and the VAT category rate shall be consistent.,"R38, R49",Percentage,java.lang.Double,,java.lang.Double,BT0119VatCategoryRate,2,,,,,,0,141,110,0,141,BG0023VatBreakdown,
BT-0120,146,BT-120,BT-120,,BT,120,++,0..1,VAT exemption reason text,A textual statement of the reason why the amount is exempted from VAT or why no VAT is being charged,Articles 226 items 11 to 15 Directive 2006/112/EN,"R48, R49, R51",Text,java.lang.String,,java.lang.String,BT0120VatExemptionReasonText,2,,,,,,0,141,110,0,141,BG0023VatBreakdown,
BT-0121,147,BT-121,BT-121,,BT,121,++,0..1,VAT exemption reason code,A coded statement of the reason for why the amount is exempted from VAT.,Code list issued and maintained by the Connecting Europe Facility.,"R48, R49, R51",Code,,it.infocert.eigor.model.core.enums.VatExemptionReasonsCodes,it.infocert.eigor.model.core.enums.VatExemptionReasonsCodes,BT0121VatExemptionReasonCode,2,,,,,,0,141,110,0,141,BG0023VatBreakdown,
BG-0024,148,BG-24,BG-24,,BG,24,0,0..n,ADDITIONAL SUPPORTING DOCUMENTS,A group of business terms providing information about additional supporting documents substantiating the claims made in the Invoice.,"The additional supporting documents can be used for both referencing a document number which is expected to be known by the receiver, an external document (referenced by a URL) or as an embedded document (such as a time report in pdf). The option to link to an external document will be needed, for example in the case of large attachments and/or when sensitive information, e.g. person-related services, has to be separated from the Invoice itself.",R36, ,,,,BG0024AdditionalSupportingDocuments,1,,148,,,,0,148,110,0,0,BG0000Invoice,
BT-0122,149,BT-122,BT-122,,BT,122,++,1..1,Supporting document reference,An identifier of the supporting document., ,R36,Document reference,java.lang.String,,java.lang.String,BT0122SupportingDocumentReference,2,,,,,,0,148,110,0,148,BG0024AdditionalSupportingDocuments,
BT-0123,150,BT-123,BT-123,,BT,123,++,0..1,Supporting document description,A description of the supporting document.,"Such as: timesheet, usage report etc.",R36,Text,java.lang.String,,java.lang.String,BT0123SupportingDocumentDescription,2,,,,,,0,148,110,0,148,BG0024AdditionalSupportingDocuments,
BT-0124,151,BT-124,BT-124,,BT,124,++,0..1,External document location,The URL (Uniform Resource Locator) that identifies where the external document is located.,"A means of locating the resource including its primary access mechanism, e.g. http:// or ftp://.
External document location shall be used if the Buyer requires additional information to support the Invoice.
External documents do not form part of the invoice. Risks can be involved when accessing external documents.",R36,Text,java.lang.String,,java.lang.String,BT0124ExternalDocumentLocation,2,,,,,,0,148,110,0,148,BG0024AdditionalSupportingDocuments,
BT-0125,152,BT-125,BT-125,,BT,125,++,0..1,Attached document and attached document Mime code and Attached document Filename,An attached document embedded as binary object or sent together with the invoice. The mime code of the attached document and the file name of the attached document,"Attached document is used when documentation shall be stored with the Invoice for future reference or audit purposes. 
Allowed mime codes:
- application/pdf
- image/png
- image/jpeg
- text/csv
- application/vnd.openxmlformats-officedocument.spreadsheetml.sheet
- application/vnd.oasis.opendocument. spreadsheet
",R35,Binary Object,it.infocert.eigor.model.core.datatypes.FileReference,,it.infocert.eigor.model.core.datatypes.FileReference,BT0125AttachedDocumentAndAttachedDocumentMimeCodeAndAttachedDocumentFilename,2,,,,,,0,148,110,0,148,BG0024AdditionalSupportingDocuments,
BG-0025,153,BG-25,BG-25,,BG,25,0,1..n,INVOICE LINE,A group of business terms providing information on individual Invoice lines., ,"R17
R23", ,,,,BG0025InvoiceLine,1,,153,,,,0,153,110,0,0,BG0000Invoice,
BT-0126,154,BT-126,BT-126,,BT,126,++,1..1,Invoice line identifier,A unique identifier for the individual line within the Invoice.,,R44,Identifier,java.lang.String,,java.lang.String,BT0126InvoiceLineIdentifier,2,,,,,,0,153,110,0,153,BG0025InvoiceLine,
BT-0127,155,BT-127,BT-127,,BT,127,++,0..1,Invoice line note,A textual note that gives unstructured information that is relevant to the Invoice line., ,R28,Text,java.lang.String,,java.lang.String,BT0127InvoiceLineNote,2,,,,,,0,153,110,0,153,BG0025InvoiceLine,
BT-0128,156,BT-128,BT-128,,BT,128,++,0..1,Invoice line object identifier and Scheme identifier,"An identifier for an object on which the invoice line is based, given by the Seller. The identification scheme identifier of the Invoice line object identifier.","It may be a subscription number, telephone number, meter point etc., as applicable. If it may be not clear for the receiver what scheme is used for the identifier, a conditional scheme identifier should be used that shall be chosen from the UNTDID 1153 code list [6] entries.",R33,Identifier,java.lang.String,,it.infocert.eigor.model.core.datatypes.Identifier,BT0128InvoiceLineObjectIdentifierAndSchemeIdentifier,2,,,,,,0,153,110,0,153,BG0025InvoiceLine,
BT-0129,157,BT-129,BT-129,,BT,129,++,1..1,Invoiced quantity,The quantity of items (goods or services) that is charged in the Invoice line., ,"R39, R56",Quantity,java.lang.Double,,java.lang.Double,BT0129InvoicedQuantity,2,,,,,,0,153,110,0,153,BG0025InvoiceLine,
BT-0130,158,BT-130,BT-130,,BT,130,++,1..1,Invoiced quantity unit of measure code,The unit of measure that applies to the invoiced quantity.,"The unit of measure shall be chosen from the lists in UN/ECE Recommendation N°. 20 ""Codes for Units of Measure Used in International Trade"" [7] and UN/ECE Recommendation N° 21 ""Codes for Passengers, Types of Cargo, Packages and Packaging Materials (with Complementary Codes for Package Names)"" [19] applying the method described in UN/ECE Rec N° 20 Intro 2.a). Note that in most cases it is not needed for Buyers and Sellers to implement these lists fully in their software. Sellers need only to support the units needed for their goods and services; Buyers only need to verify that the units used in the Invoice are equal to the units used in other documents (such as Contract, Catalogue, Order and Despatch advice).","R14, R39",Code,,it.infocert.eigor.model.core.enums.UnitOfMeasureCodes,it.infocert.eigor.model.core.enums.UnitOfMeasureCodes,BT0130InvoicedQuantityUnitOfMeasureCode,2,,,,,,0,153,110,0,153,BG0025InvoiceLine,
BT-0131,159,BT-131,BT-131,,BT,131,++,1..1,Invoice line net amount,The total amount of the Invoice line.,"The amount is “net” without VAT, i.e. inclusive of line level allowances and charges as well as other relevant taxes.","R39, R40, R56",Amount,java.lang.Double,,java.lang.Double,BT0131InvoiceLineNetAmount,2,,,,,,0,153,110,0,153,BG0025InvoiceLine,
BT-0132,160,BT-132,BT-132,,BT,132,++,0..1,Referenced purchase order line reference,"An identifier for a referenced line within a purchase order, issued by the Buyer.",The purchase order identifier is referenced on document level.,R6,Document reference,java.lang.String,,java.lang.String,BT0132ReferencedPurchaseOrderLineReference,2,,,,,,0,153,110,0,153,BG0025InvoiceLine,
BT-0133,161,BT-133,BT-133,,BT,133,++,0..1,Invoice line Buyer accounting reference,A textual value that specifies where to book the relevant data into the Buyer's financial accounts.,"If required, this reference shall be provided by the Buyer to the Seller prior to the issuing of the Invoice.",R3,Text,java.lang.String,,java.lang.String,BT0133InvoiceLineBuyerAccountingReference,2,,,,,,0,153,110,0,153,BG0025InvoiceLine,
BG-0026,162,BG-26,BG-26,,BG,26,++,0..1,INVOICE LINE PERIOD,A group of business terms providing information about the period relevant for the Invoice line., Is also called Invoice line delivery period.,R30, ,,,,BG0026InvoiceLinePeriod,2,,,162,,,0,153,162,0,153,BG0025InvoiceLine,
BT-0134,163,BT-134,BT-134,,BT,134,+++,0..1,Invoice line period start date,The date when the Invoice period for this Invoice line starts.,The date is the first day of the period.,R30,Date,org.joda.time.LocalDate,,org.joda.time.LocalDate,BT0134InvoiceLinePeriodStartDate,3,,,,,,0,153,162,0,162,BG0026InvoiceLinePeriod,
BT-0135,164,BT-135,BT-135,,BT,135,+++,0..1,Invoice line period end date,The date when the Invoice period for this Invoice line ends.,The date is the last day of the period.,R30,Date,org.joda.time.LocalDate,,org.joda.time.LocalDate,BT0135InvoiceLinePeriodEndDate,3,,,,,,0,153,162,0,162,BG0026InvoiceLinePeriod,
BG-0027,165,BG-27,BG-27,,BG,27,++,0..n,INVOICE LINE ALLOWANCES,A group of business terms providing information about allowances applicable to the individual Invoice line., ,R15, ,,,,BG0027InvoiceLineAllowances,2,,,165,,,0,153,165,0,153,BG0025InvoiceLine,
BT-0136,166,BT-136,BT-136,,BT,136,+++,1..1,Invoice line allowance amount,"The amount of an allowance, without VAT.", ,"R15, R19",Amount,java.lang.Double,,java.lang.Double,BT0136InvoiceLineAllowanceAmount,3,,,,,,0,153,165,0,165,BG0027InvoiceLineAllowances,
BT-0137,167,BT-137,BT-137,,BT,137,+++,0..1,Invoice line allowance base amount,"The base amount that may be used, in conjunction with the Invoice line allowance percentage, to calculate the Invoice line allowance amount.", ,"R15, R42",Amount,it.infocert.eigor.model.core.datatypes.Identifier,,it.infocert.eigor.model.core.datatypes.Identifier,BT0137InvoiceLineAllowanceBaseAmount,3,,,,,,0,153,165,0,165,BG0027InvoiceLineAllowances,
BT-0138,168,BT-138,BT-138,,BT,138,+++,0..1,Invoice line allowance percentage,"The percentage that may be used, in conjunction with the Invoice line allowance base amount, to calculate the Invoice line allowance amount.", ,"R15, R42",Percentage,it.infocert.eigor.model.core.datatypes.Identifier,,it.infocert.eigor.model.core.datatypes.Identifier,BT0138InvoiceLineAllowancePercentage,3,,,,,,0,153,165,0,165,BG0027InvoiceLineAllowances,
BT-0139,169,BT-139,BT-139,,BT,139,+++,0..1,Invoice line allowance reason,"The reason for the Invoice line allowance, expressed as text.", ,R15,Text,java.lang.String,,java.lang.String,BT0139InvoiceLineAllowanceReason,3,,,,,,0,153,165,0,165,BG0027InvoiceLineAllowances,
BT-0140,170,BT-140,BT-140,,BT,140,+++,0..1,Invoice line allowance reason code,"The reason for the Invoice line allowance, expressed as a code.",Use entries of the UNTDID 5189 code list [6]. The Invoice line level allowance reason code and the Invoice line level allowance reason shall indicate the same allowance reason.,R15,Code,,it.infocert.eigor.model.core.enums.Untdid5189ChargeAllowanceDescriptionCodes,it.infocert.eigor.model.core.enums.Untdid5189ChargeAllowanceDescriptionCodes,BT0140InvoiceLineAllowanceReasonCode,3,,,,,,0,153,165,0,165,BG0027InvoiceLineAllowances,
BG-0028,171,BG-28,BG-28,,BG,28,++,0..n,INVOICE LINE CHARGES,A group of business terms providing information about charges and taxes other than VAT applicable to the individual Invoice line.,All charges and taxes are assumed to be liable to the same VAT rate as the Invoice line.,R18, ,,,,BG0028InvoiceLineCharges,2,,,171,,,0,153,171,0,153,BG0025InvoiceLine,
BT-0141,172,BT-141,BT-141,,BT,141,+++,1..1,Invoice line charge amount,"The amount of a charge, without VAT.", ,R19,Amount,java.lang.Double,,java.lang.Double,BT0141InvoiceLineChargeAmount,3,,,,,,0,153,171,0,171,BG0028InvoiceLineCharges,
BT-0142,173,BT-142,BT-142,,BT,142,+++,0..1,Invoice line charge base amount,"The base amount that may be used, in conjunction with the Invoice line charge percentage, to calculate the Invoice line charge amount.", ,R42,Amount,java.lang.Double,,java.lang.Double,BT0142InvoiceLineChargeBaseAmount,3,,,,,,0,153,171,0,171,BG0028InvoiceLineCharges,
BT-0143,174,BT-143,BT-143,,BT,143,+++,0..1,Invoice line charge percentage,"The percentage that may be used, in conjunction with the Invoice line charge base amount, to calculate the Invoice line charge amount.", ,R42,Percentage,java.lang.Double,,java.lang.Double,BT0143InvoiceLineChargePercentage,3,,,,,,0,153,171,0,171,BG0028InvoiceLineCharges,
BT-0144,175,BT-144,BT-144,,BT,144,+++,0..1,Invoice line charge reason,"The reason for the Invoice line charge, expressed as text.", ,R18,Text,java.lang.String,,java.lang.String,BT0144InvoiceLineChargeReason,3,,,,,,0,153,171,0,171,BG0028InvoiceLineCharges,
BT-0145,176,BT-145,BT-145,,BT,145,+++,0..1,Invoice line charge reason code,"The reason for the Invoice line charge, expressed as a code.",Use entries of the UNTDID 7161 code list [6]. The Invoice line charge reason code and the Invoice line charge reason shall indicate the same charge reason.,R18,Code,,it.infocert.eigor.model.core.enums.Untdid7161SpecialServicesCodes,it.infocert.eigor.model.core.enums.Untdid7161SpecialServicesCodes,BT0145InvoiceLineChargeReasonCode,3,,,,,,0,153,171,0,171,BG0028InvoiceLineCharges,
BG-0029,177,BG-29,BG-29,,BG,29,++,1..1,PRICE DETAILS,A group of business terms providing information about the price applied for the goods and services invoiced on the Invoice line., ,R14, ,,,,BG0029PriceDetails,2,,,177,,,0,153,177,0,153,BG0025InvoiceLine,
BT-0146,178,BT-146,BT-146,,BT,146,+++,1..1,Item net price,"The price of an item, exclusive of VAT, after subtracting item price discount.",The Item net price has to be equal with the Item gross price less the Item price discount.,R14,Unit price amount,java.lang.Double,,java.lang.Double,BT0146ItemNetPrice,3,,,,,,0,153,177,0,177,BG0029PriceDetails,
BT-0147,179,BT-147,BT-147,,BT,147,+++,0..1,Item price discount,The total discount subtracted from the Item gross price to calculate the Item net price.,Only applies if the discount is provided per unit and if it is not included in the Item gross price.,R14,Unit price amount,java.lang.Double,,java.lang.Double,BT0147ItemPriceDiscount,3,,,,,,0,153,177,0,177,BG0029PriceDetails,
BT-0148,180,BT-148,BT-148,,BT,148,+++,0..1,Item gross price,"The unit price, exclusive of VAT, before subtracting Item price discount.", ,R14,Unit price amount,java.lang.Double,,java.lang.Double,BT0148ItemGrossPrice,3,,,,,,0,153,177,0,177,BG0029PriceDetails,
BT-0149,181,BT-149,BT-149,,BT,149,+++,0..1,Item price base quantity,The number of item units to which the price applies., ,R14,Quantity,java.lang.Double,,java.lang.Double,BT0149ItemPriceBaseQuantity,3,,,,,,0,153,177,0,177,BG0029PriceDetails,
BT-0150,182,BT-150,BT-150,,BT,150,+++,0..1,Item price base quantity unit of measure code,The unit of measure that applies to the Item price base quantity.,The Item price base quantity unit of measure shall be the same as the Invoiced quantity unit of measure (BT-130).,R14,Code,,it.infocert.eigor.model.core.enums.UnitOfMeasureCodes,it.infocert.eigor.model.core.enums.UnitOfMeasureCodes,BT0150ItemPriceBaseQuantityUnitOfMeasureCode,3,,,,,,0,153,177,0,177,BG0029PriceDetails,
BG-0030,183,BG-30,BG-30,,BG,30,++,1..1,LINE VAT INFORMATION,A group of business terms providing information about the VAT applicable for the goods and services invoiced on the Invoice line., ,"R45, R48", ,,,,BG0030LineVatInformation,2,,,183,,,0,153,183,0,153,BG0025InvoiceLine,
BT-0151,184,BT-151,BT-151,,BT,151,+++,1..1,Invoiced item VAT category code,The VAT category code for the invoiced item.,"The following entries of UNTDID 5305 [6] are used:
- Liable for VAT in a standard way
- Liable for VAT with a percentage rate of 0 (zero).
- Exempt from VAT/IGIC/IPSI.
- Reverse charge VAT/IGIC/IPSI rules apply.
- VAT/IGIC/IPSI not levied due to Intra-community supply rules.
- VAT/IGIC/IPSI not levied due to export outside of the EU.
- Sale is not subject to VAT/IGIC/IPSI.
- Liable for IGIC (Canary) tax
- Liable for IPSI (Ceuta/Melilla) tax","R37, R45, R48",Code,,it.infocert.eigor.model.core.enums.Untdid5305DutyTaxFeeCategories,it.infocert.eigor.model.core.enums.Untdid5305DutyTaxFeeCategories,BT0151InvoicedItemVatCategoryCode,3,,,,,,0,153,183,0,183,BG0030LineVatInformation,
BT-0152,185,BT-152,BT-152,,BT,152,+++,0..1,Invoiced item VAT rate,"The VAT rate, represented as percentage that applies to the invoiced item.",,"R37, R45, R48",Percentage,java.lang.Double,,java.lang.Double,BT0152InvoicedItemVatRate,3,,,,,,0,153,183,0,183,BG0030LineVatInformation,
BG-0031,186,BG-31,BG-31,,BG,31,++,1..1,ITEM INFORMATION,A group of business terms providing information about the goods and services invoiced., ,"R20, R56", ,,,,BG0031ItemInformation,2,,,186,,,0,153,186,0,153,BG0025InvoiceLine,
BT-0153,187,BT-153,BT-153,,BT,153,+++,1..1,Item name,A name for an item., ,"R20, R56",Text,java.lang.String,,java.lang.String,BT0153ItemName,3,,,,,,0,153,186,0,186,BG0031ItemInformation,
BT-0154,188,BT-154,BT-154,,BT,154,+++,0..1,Item description,"A description for an item.
",The Item description allows for describing the item and its features in more detail than the Item name.,"R20, R56",Text,java.lang.String,,java.lang.String,BT0154ItemDescription,3,,,,,,0,153,186,0,186,BG0031ItemInformation,
BT-0155,189,BT-155,BT-155,,BT,155,+++,0..1,Item Seller's identifier,"An identifier, assigned by the Seller, for the item.",,"R21, R56",Identifier,java.lang.String,,java.lang.String,BT0155ItemSellerSIdentifier,3,,,,,,0,153,186,0,186,BG0031ItemInformation,
BT-0156,190,BT-156,BT-156,,BT,156,+++,0..1,Item Buyer's identifier,"An identifier, assigned by the Buyer, for the item.",,"R21, R56",Identifier,java.lang.String,,java.lang.String,BT0156ItemBuyerSIdentifier,3,,,,,,0,153,186,0,186,BG0031ItemInformation,
BT-0157,191,BT-157,BT-157,,BT,157,+++,0..1,Item standard identifier and Scheme identifier,An item identifier based on a registered scheme and The identification scheme identifier of the Item standard identifier,The identification scheme shall be identified from the entries of the list published by the ISO 6523 maintenance agency.,"R23, R56",Identifier,java.lang.String,,it.infocert.eigor.model.core.datatypes.Identifier,BT0157ItemStandardIdentifierAndSchemeIdentifier,3,,,,,,0,153,186,0,186,BG0031ItemInformation,
BT-0158,192,BT-158,BT-158,,BT,158,+++,0..n,Item classification identifier and Scheme identifier and Scheme version identifier,A code for classifying the item by its type or nature. The identification scheme identifier of the Item classification identifier and The version of the identification scheme.,"Classification codes are used to allow grouping of similar items for a various purposes e.g. public procurement (CPV), e-Commerce (UNSPSC) etc. The identification scheme shall be chosen from the entries in UNTDID 7143 [6].",R24,Identifier,java.lang.String,,it.infocert.eigor.model.core.datatypes.Identifier,BT0158ItemClassificationIdentifierAndSchemeIdentifierAndSchemeVersionIdentifier,3,,,,,,0,153,186,0,186,BG0031ItemInformation,
BT-0159,193,BT-159,BT-159,,BT,159,+++,0..1,Item country of origin,The code identifying the country from which the item originates.,"The lists of valid countries are registered with the ISO 3166‑1 Maintenance agency, ""Codes for the representation of names of countries and their subdivisions"". ",R29,Code,,it.infocert.eigor.model.core.enums.Iso31661CountryCodes,it.infocert.eigor.model.core.enums.Iso31661CountryCodes,BT0159ItemCountryOfOrigin,3,,,,,,0,153,186,0,186,BG0031ItemInformation,
BG-0032,194,BG-32,BG-32,,BG,32,+++,0..n,ITEM ATTRIBUTES,A group of business terms providing information about properties of the goods and services invoiced., ,R28, ,,,,BG0032ItemAttributes,3,,,,194,,0,153,186,194,186,BG0031ItemInformation,
BT-0160,195,BT-160,BT-160,,BT,160,++++,1..1,Item attribute name,The name of the attribute or property of the item.,"Such as ""Colour"".",R28,Text,java.lang.String,,java.lang.String,BT0160ItemAttributeName,4,,,,,,0,153,186,194,194,BG0032ItemAttributes,
BT-0161,196,BT-161,BT-161,,BT,161,++++,1..1,Item attribute value,The value of the attribute or property of the item.,"Such as ""Red"".",R28,Text,java.lang.String,,java.lang.String,BT0161ItemAttributeValue,4,,,,,,0,153,186,194,194,BG0032ItemAttributes,
